source_mat_id,chlorophyll,chlorophyll_method,sea_surf_temp,sea_surf_temp_method,sea_subsurf_temp,sea_subsurf_temp_method,sea_surf_salinity,sea_surf_salinity_method,sea_subsurf_salinity,sea_subsurf_salinity_method,alkalinity,alkalinity_method,ammonium,ammonium_method,bac_prod,bac_prod_method,biomass,biomass_method,chem_administration,conduc,conduc_method,density,density_method,diss_carb_dioxide,diss_carb_dioxide_method,diss_inorg_carb,diss_inorg_carb_method,diss_org_carb,diss_org_carb_method,diss_org_nitro,diss_org_nitro_method,diss_oxygen,diss_oxygen_method,down_par,down_par_method,n_alkanes,n_alkanes_method,nitrate,nitrate_method,nitrite,nitrite_method,organism_count,organism_count_method,ph,ph_method,part_org_carb,part_org_carb_method,part_org_nitro,part_org_nitro_method,petroleum_hydrocarb,petroleum_hydrocarb_method,phaeopigments,phaeopigments_method,phosphate,phosphate_method,pigments,pigments_method,pressure,pressure_method,primary_prod,primary_prod_method,silicate,silicate_method,sulfate,sulfate_method,sulfide,sulfide_method,turbidity,turbidity_method,water_current,water_current_method
EMOBON_PiEPlentzia_Wa_1,0.136,HPLC (Alliance HPLC System) following the method described by Zapata et al. 2000,21.3,EXO2 multiparameter sonde,21.3,EXO2 multiparameter sonde,33.6,EXO2 multiparameter sonde,33.6,EXO2 multiparameter sonde,,,,,,,,,,47.501,EXO2 multiparameter sonde,,,,,,,,,,,,,,,,,,,,,,,8.15,EXO2 multiparameter sonde,,,,,,,,,,,Chlorophylide a ; MgDvp ; C2 0.326; C1 ; Peridinin ; 19'Buthane ; Fucoxanthin 0.117; Neoxanthin ; Prasinoxanthin ; Violaxanthin ; HFU ; Diadinoxanthin 0.342; Aloxanthin 0.183; Diatoxanthin ; Monadoxanthin ; Zeaxanthin ; Luthein ; Clorophyll b 0.136; Clorophyll a 0.665; non polar C2(14-14) ; Pheophytin a ; Alpha-carothene ; B-carothene,HPLC (Alliance HPLC System) following the method described by Zapata et al. 2000,,,,,,,,,,,,,,
EMOBON_PiEPlentzia_Wa_2,0.136,HPLC (Alliance HPLC System) following the method described by Zapata et al. 2000,21.3,EXO2 multiparameter sonde,21.3,EXO2 multiparameter sonde,33.6,EXO2 multiparameter sonde,33.6,EXO2 multiparameter sonde,,,,,,,,,,47.501,EXO2 multiparameter sonde,,,,,,,,,,,,,,,,,,,,,,,8.15,EXO2 multiparameter sonde,,,,,,,,,,,Chlorophylide a ; MgDvp ; C2 0.326; C1 ; Peridinin ; 19'Buthane ; Fucoxanthin 0.117; Neoxanthin ; Prasinoxanthin ; Violaxanthin ; HFU ; Diadinoxanthin 0.342; Aloxanthin 0.183; Diatoxanthin ; Monadoxanthin ; Zeaxanthin ; Luthein ; Clorophyll b 0.136; Clorophyll a 0.665; non polar C2(14-14) ; Pheophytin a ; Alpha-carothene ; B-carothene,HPLC (Alliance HPLC System) following the method described by Zapata et al. 2000,,,,,,,,,,,,,,
EMOBON_PiEPlentzia_Wa_3,0.136,HPLC (Alliance HPLC System) following the method described by Zapata et al. 2000,21.3,EXO2 multiparameter sonde,21.3,EXO2 multiparameter sonde,33.6,EXO2 multiparameter sonde,33.6,EXO2 multiparameter sonde,,,,,,,,,,47.501,EXO2 multiparameter sonde,,,,,,,,,,,,,,,,,,,,,,,8.15,EXO2 multiparameter sonde,,,,,,,,,,,Chlorophylide a ; MgDvp ; C2 0.326; C1 ; Peridinin ; 19'Buthane ; Fucoxanthin 0.117; Neoxanthin ; Prasinoxanthin ; Violaxanthin ; HFU ; Diadinoxanthin 0.342; Aloxanthin 0.183; Diatoxanthin ; Monadoxanthin ; Zeaxanthin ; Luthein ; Clorophyll b 0.136; Clorophyll a 0.665; non polar C2(14-14) ; Pheophytin a ; Alpha-carothene ; B-carothene,HPLC (Alliance HPLC System) following the method described by Zapata et al. 2000,,,,,,,,,,,,,,
EMOBON_PiEPlentzia_Wa_4,0.136,HPLC (Alliance HPLC System) following the method described by Zapata et al. 2000,21.3,EXO2 multiparameter sonde,21.3,EXO2 multiparameter sonde,33.6,EXO2 multiparameter sonde,33.6,EXO2 multiparameter sonde,,,,,,,,,,47.501,EXO2 multiparameter sonde,,,,,,,,,,,,,,,,,,,,,,,8.15,EXO2 multiparameter sonde,,,,,,,,,,,Chlorophylide a ; MgDvp ; C2 0.326; C1 ; Peridinin ; 19'Buthane ; Fucoxanthin 0.117; Neoxanthin ; Prasinoxanthin ; Violaxanthin ; HFU ; Diadinoxanthin 0.342; Aloxanthin 0.183; Diatoxanthin ; Monadoxanthin ; Zeaxanthin ; Luthein ; Clorophyll b 0.136; Clorophyll a 0.665; non polar C2(14-14) ; Pheophytin a ; Alpha-carothene ; B-carothene,HPLC (Alliance HPLC System) following the method described by Zapata et al. 2000,,,,,,,,,,,,,,
EMOBON_PiEPlentzia_Wa_5,NA,NA,NA,NA,NA,NA,NA,NA,NA,NA,NA,NA,NA,NA,NA,NA,NA,NA,NA,NA,NA,NA,NA,NA,NA,NA,NA,NA,NA,NA,NA,NA,NA,NA,NA,NA,NA,NA,NA,NA,NA,NA,NA,NA,NA,NA,NA,NA,NA,NA,NA,NA,NA,NA,NA,NA,NA,NA,NA,NA,NA,NA,NA,NA,NA,NA,NA,NA,NA,NA,NA
EMOBON_PiEPlentzia_Wa_6,NA,NA,NA,NA,NA,NA,NA,NA,NA,NA,NA,NA,NA,NA,NA,NA,NA,NA,NA,NA,NA,NA,NA,NA,NA,NA,NA,NA,NA,NA,NA,NA,NA,NA,NA,NA,NA,NA,NA,NA,NA,NA,NA,NA,NA,NA,NA,NA,NA,NA,NA,NA,NA,NA,NA,NA,NA,NA,NA,NA,NA,NA,NA,NA,NA,NA,NA,NA,NA,NA,NA
EMOBON_PiEPlentzia_Wa_7,0.136,HPLC (Alliance HPLC System) following the method described by Zapata et al. 2000,21.3,EXO2 multiparameter sonde,21.3,EXO2 multiparameter sonde,33.6,EXO2 multiparameter sonde,33.6,EXO2 multiparameter sonde,,,,,,,,,,47.501,EXO2 multiparameter sonde,,,,,,,,,,,,,,,,,,,,,,,8.15,EXO2 multiparameter sonde,,,,,,,,,,,Chlorophylide a ; MgDvp ; C2 0.326; C1 ; Peridinin ; 19'Buthane ; Fucoxanthin 0.117; Neoxanthin ; Prasinoxanthin ; Violaxanthin ; HFU ; Diadinoxanthin 0.342; Aloxanthin 0.183; Diatoxanthin ; Monadoxanthin ; Zeaxanthin ; Luthein ; Clorophyll b 0.136; Clorophyll a 0.665; non polar C2(14-14) ; Pheophytin a ; Alpha-carothene ; B-carothene,HPLC (Alliance HPLC System) following the method described by Zapata et al. 2000,,,,,,,,,,,,,,
EMOBON_PiEPlentzia_Wa_8,0.136,HPLC (Alliance HPLC System) following the method described by Zapata et al. 2000,21.3,EXO2 multiparameter sonde,21.3,EXO2 multiparameter sonde,33.6,EXO2 multiparameter sonde,33.6,EXO2 multiparameter sonde,,,,,,,,,,47.501,EXO2 multiparameter sonde,,,,,,,,,,,,,,,,,,,,,,,8.15,EXO2 multiparameter sonde,,,,,,,,,,,Chlorophylide a ; MgDvp ; C2 0.326; C1 ; Peridinin ; 19'Buthane ; Fucoxanthin 0.117; Neoxanthin ; Prasinoxanthin ; Violaxanthin ; HFU ; Diadinoxanthin 0.342; Aloxanthin 0.183; Diatoxanthin ; Monadoxanthin ; Zeaxanthin ; Luthein ; Clorophyll b 0.136; Clorophyll a 0.665; non polar C2(14-14) ; Pheophytin a ; Alpha-carothene ; B-carothene,HPLC (Alliance HPLC System) following the method described by Zapata et al. 2000,,,,,,,,,,,,,,
EMOBON_PiEPlentzia_Wa_9,0.136,HPLC (Alliance HPLC System) following the method described by Zapata et al. 2000,21.3,EXO2 multiparameter sonde,21.3,EXO2 multiparameter sonde,33.6,EXO2 multiparameter sonde,33.6,EXO2 multiparameter sonde,,,,,,,,,,47.501,EXO2 multiparameter sonde,,,,,,,,,,,,,,,,,,,,,,,8.15,EXO2 multiparameter sonde,,,,,,,,,,,Chlorophylide a ; MgDvp ; C2 0.326; C1 ; Peridinin ; 19'Buthane ; Fucoxanthin 0.117; Neoxanthin ; Prasinoxanthin ; Violaxanthin ; HFU ; Diadinoxanthin 0.342; Aloxanthin 0.183; Diatoxanthin ; Monadoxanthin ; Zeaxanthin ; Luthein ; Clorophyll b 0.136; Clorophyll a 0.665; non polar C2(14-14) ; Pheophytin a ; Alpha-carothene ; B-carothene,HPLC (Alliance HPLC System) following the method described by Zapata et al. 2000,,,,,,,,,,,,,,
EMOBON_PiEPlentzia_Wa_10,0.136,HPLC (Alliance HPLC System) following the method described by Zapata et al. 2000,21.3,EXO2 multiparameter sonde,21.3,EXO2 multiparameter sonde,33.6,EXO2 multiparameter sonde,33.6,EXO2 multiparameter sonde,,,,,,,,,,47.501,EXO2 multiparameter sonde,,,,,,,,,,,,,,,,,,,,,,,8.15,EXO2 multiparameter sonde,,,,,,,,,,,Chlorophylide a ; MgDvp ; C2 0.326; C1 ; Peridinin ; 19'Buthane ; Fucoxanthin 0.117; Neoxanthin ; Prasinoxanthin ; Violaxanthin ; HFU ; Diadinoxanthin 0.342; Aloxanthin 0.183; Diatoxanthin ; Monadoxanthin ; Zeaxanthin ; Luthein ; Clorophyll b 0.136; Clorophyll a 0.665; non polar C2(14-14) ; Pheophytin a ; Alpha-carothene ; B-carothene,HPLC (Alliance HPLC System) following the method described by Zapata et al. 2000,,,,,,,,,,,,,,
EMOBON_PiEPlentzia_Wa_11,NA,NA,NA,NA,NA,NA,NA,NA,NA,NA,NA,NA,NA,NA,NA,NA,NA,NA,NA,NA,NA,NA,NA,NA,NA,NA,NA,NA,NA,NA,NA,NA,NA,NA,NA,NA,NA,NA,NA,NA,NA,NA,NA,NA,NA,NA,NA,NA,NA,NA,NA,NA,NA,NA,NA,NA,NA,NA,NA,NA,NA,NA,NA,NA,NA,NA,NA,NA,NA,NA,NA
EMOBON_PiEPlentzia_Wa_12,NA,NA,NA,NA,NA,NA,NA,NA,NA,NA,NA,NA,NA,NA,NA,NA,NA,NA,NA,NA,NA,NA,NA,NA,NA,NA,NA,NA,NA,NA,NA,NA,NA,NA,NA,NA,NA,NA,NA,NA,NA,NA,NA,NA,NA,NA,NA,NA,NA,NA,NA,NA,NA,NA,NA,NA,NA,NA,NA,NA,NA,NA,NA,NA,NA,NA,NA,NA,NA,NA,NA
EMOBON_PiEPlentzia_Wa_13,0.889,HPLC (Alliance HPLC System) following the method described by Zapata et al. 2000,21.8,YSI ProDSS,21.8,YSI ProDSS,34.3,YSI ProDSS,34.3,YSI ProDSS,,,,,,,,,,47.389,YSI ProDSS,,,,,,,,,,,,,,,,,,,,,,,8.84,YSI ProDSS,,,,,,,,,,,Chlorophylide a ; MgDvp ; C2 ; C1 ; Peridinin ; 19'Buthane  ; Fucoxanthin 0.180; Neoxanthin ; Prasinoxanthin ; Violaxanthin ; HFU 0.239; Diadinoxanthin 0.124; Aloxanthin 0.131; Diatoxanthin ; Monadoxanthin ; Zeaxanthin ; Luthein ; Clorophyll b 0.889; Clorophyll a 0.636; non polar C2(14-14) ; Pheophytin a ; Alpha-carothene ; B-carothene 0.221,HPLC (Alliance HPLC System) following the method described by Zapata et al. 2000,,,,,,,,,,,,,,
EMOBON_PiEPlentzia_Wa_14,0.889,HPLC (Alliance HPLC System) following the method described by Zapata et al. 2000,21.8,YSI ProDSS,21.8,YSI ProDSS,34.3,YSI ProDSS,34.3,YSI ProDSS,,,,,,,,,,47.389,YSI ProDSS,,,,,,,,,,,,,,,,,,,,,,,8.84,YSI ProDSS,,,,,,,,,,,Chlorophylide a ; MgDvp ; C2 ; C1 ; Peridinin ; 19'Buthane  ; Fucoxanthin 0.180; Neoxanthin ; Prasinoxanthin ; Violaxanthin ; HFU 0.239; Diadinoxanthin 0.124; Aloxanthin 0.131; Diatoxanthin ; Monadoxanthin ; Zeaxanthin ; Luthein ; Clorophyll b 0.889; Clorophyll a 0.636; non polar C2(14-14) ; Pheophytin a ; Alpha-carothene ; B-carothene 0.221,HPLC (Alliance HPLC System) following the method described by Zapata et al. 2000,,,,,,,,,,,,,,
EMOBON_PiEPlentzia_Wa_15,0.889,HPLC (Alliance HPLC System) following the method described by Zapata et al. 2000,21.8,YSI ProDSS,21.8,YSI ProDSS,34.3,YSI ProDSS,34.3,YSI ProDSS,,,,,,,,,,47.389,YSI ProDSS,,,,,,,,,,,,,,,,,,,,,,,8.84,YSI ProDSS,,,,,,,,,,,Chlorophylide a ; MgDvp ; C2 ; C1 ; Peridinin ; 19'Buthane  ; Fucoxanthin 0.180; Neoxanthin ; Prasinoxanthin ; Violaxanthin ; HFU 0.239; Diadinoxanthin 0.124; Aloxanthin 0.131; Diatoxanthin ; Monadoxanthin ; Zeaxanthin ; Luthein ; Clorophyll b 0.889; Clorophyll a 0.636; non polar C2(14-14) ; Pheophytin a ; Alpha-carothene ; B-carothene 0.221,HPLC (Alliance HPLC System) following the method described by Zapata et al. 2000,,,,,,,,,,,,,,
EMOBON_PiEPlentzia_Wa_16,0.889,HPLC (Alliance HPLC System) following the method described by Zapata et al. 2000,21.8,YSI ProDSS,21.8,YSI ProDSS,34.3,YSI ProDSS,34.3,YSI ProDSS,,,,,,,,,,47.389,YSI ProDSS,,,,,,,,,,,,,,,,,,,,,,,8.84,YSI ProDSS,,,,,,,,,,,Chlorophylide a ; MgDvp ; C2 ; C1 ; Peridinin ; 19'Buthane  ; Fucoxanthin 0.180; Neoxanthin ; Prasinoxanthin ; Violaxanthin ; HFU 0.239; Diadinoxanthin 0.124; Aloxanthin 0.131; Diatoxanthin ; Monadoxanthin ; Zeaxanthin ; Luthein ; Clorophyll b 0.889; Clorophyll a 0.636; non polar C2(14-14) ; Pheophytin a ; Alpha-carothene ; B-carothene 0.221,HPLC (Alliance HPLC System) following the method described by Zapata et al. 2000,,,,,,,,,,,,,,
EMOBON_PiEPlentzia_Wa_17,NA,NA,NA,NA,NA,NA,NA,NA,NA,NA,NA,NA,NA,NA,NA,NA,NA,NA,NA,NA,NA,NA,NA,NA,NA,NA,NA,NA,NA,NA,NA,NA,NA,NA,NA,NA,NA,NA,NA,NA,NA,NA,NA,NA,NA,NA,NA,NA,NA,NA,NA,NA,NA,NA,NA,NA,NA,NA,NA,NA,NA,NA,NA,NA,NA,NA,NA,NA,NA,NA,NA
EMOBON_PiEPlentzia_Wa_18,NA,NA,NA,NA,NA,NA,NA,NA,NA,NA,NA,NA,NA,NA,NA,NA,NA,NA,NA,NA,NA,NA,NA,NA,NA,NA,NA,NA,NA,NA,NA,NA,NA,NA,NA,NA,NA,NA,NA,NA,NA,NA,NA,NA,NA,NA,NA,NA,NA,NA,NA,NA,NA,NA,NA,NA,NA,NA,NA,NA,NA,NA,NA,NA,NA,NA,NA,NA,NA,NA,NA
EMOBON_PiEPlentzia_Wa_19,0.889,HPLC (Alliance HPLC System) following the method described by Zapata et al. 2000,21.8,YSI ProDSS,21.8,YSI ProDSS,34.3,YSI ProDSS,34.3,YSI ProDSS,,,,,,,,,,47.389,YSI ProDSS,,,,,,,,,,,,,,,,,,,,,,,8.84,YSI ProDSS,,,,,,,,,,,Chlorophylide a ; MgDvp ; C2 ; C1 ; Peridinin ; 19'Buthane  ; Fucoxanthin 0.180; Neoxanthin ; Prasinoxanthin ; Violaxanthin ; HFU 0.239; Diadinoxanthin 0.124; Aloxanthin 0.131; Diatoxanthin ; Monadoxanthin ; Zeaxanthin ; Luthein ; Clorophyll b 0.889; Clorophyll a 0.636; non polar C2(14-14) ; Pheophytin a ; Alpha-carothene ; B-carothene 0.221,HPLC (Alliance HPLC System) following the method described by Zapata et al. 2000,,,,,,,,,,,,,,
EMOBON_PiEPlentzia_Wa_20,0.889,HPLC (Alliance HPLC System) following the method described by Zapata et al. 2000,21.8,YSI ProDSS,21.8,YSI ProDSS,34.3,YSI ProDSS,34.3,YSI ProDSS,,,,,,,,,,47.389,YSI ProDSS,,,,,,,,,,,,,,,,,,,,,,,8.84,YSI ProDSS,,,,,,,,,,,Chlorophylide a ; MgDvp ; C2 ; C1 ; Peridinin ; 19'Buthane  ; Fucoxanthin 0.180; Neoxanthin ; Prasinoxanthin ; Violaxanthin ; HFU 0.239; Diadinoxanthin 0.124; Aloxanthin 0.131; Diatoxanthin ; Monadoxanthin ; Zeaxanthin ; Luthein ; Clorophyll b 0.889; Clorophyll a 0.636; non polar C2(14-14) ; Pheophytin a ; Alpha-carothene ; B-carothene 0.221,HPLC (Alliance HPLC System) following the method described by Zapata et al. 2000,,,,,,,,,,,,,,
EMOBON_PiEPlentzia_Wa_21,0.889,HPLC (Alliance HPLC System) following the method described by Zapata et al. 2000,21.8,YSI ProDSS,21.8,YSI ProDSS,34.3,YSI ProDSS,34.3,YSI ProDSS,,,,,,,,,,47.389,YSI ProDSS,,,,,,,,,,,,,,,,,,,,,,,8.84,YSI ProDSS,,,,,,,,,,,Chlorophylide a ; MgDvp ; C2 ; C1 ; Peridinin ; 19'Buthane  ; Fucoxanthin 0.180; Neoxanthin ; Prasinoxanthin ; Violaxanthin ; HFU 0.239; Diadinoxanthin 0.124; Aloxanthin 0.131; Diatoxanthin ; Monadoxanthin ; Zeaxanthin ; Luthein ; Clorophyll b 0.889; Clorophyll a 0.636; non polar C2(14-14) ; Pheophytin a ; Alpha-carothene ; B-carothene 0.221,HPLC (Alliance HPLC System) following the method described by Zapata et al. 2000,,,,,,,,,,,,,,
EMOBON_PiEPlentzia_Wa_22,0.889,HPLC (Alliance HPLC System) following the method described by Zapata et al. 2000,21.8,YSI ProDSS,21.8,YSI ProDSS,34.3,YSI ProDSS,34.3,YSI ProDSS,,,,,,,,,,47.389,YSI ProDSS,,,,,,,,,,,,,,,,,,,,,,,8.84,YSI ProDSS,,,,,,,,,,,Chlorophylide a ; MgDvp ; C2 ; C1 ; Peridinin ; 19'Buthane  ; Fucoxanthin 0.180; Neoxanthin ; Prasinoxanthin ; Violaxanthin ; HFU 0.239; Diadinoxanthin 0.124; Aloxanthin 0.131; Diatoxanthin ; Monadoxanthin ; Zeaxanthin ; Luthein ; Clorophyll b 0.889; Clorophyll a 0.636; non polar C2(14-14) ; Pheophytin a ; Alpha-carothene ; B-carothene 0.221,HPLC (Alliance HPLC System) following the method described by Zapata et al. 2000,,,,,,,,,,,,,,
EMOBON_PiEPlentzia_Wa_23,NA,NA,NA,NA,NA,NA,NA,NA,NA,NA,NA,NA,NA,NA,NA,NA,NA,NA,NA,NA,NA,NA,NA,NA,NA,NA,NA,NA,NA,NA,NA,NA,NA,NA,NA,NA,NA,NA,NA,NA,NA,NA,NA,NA,NA,NA,NA,NA,NA,NA,NA,NA,NA,NA,NA,NA,NA,NA,NA,NA,NA,NA,NA,NA,NA,NA,NA,NA,NA,NA,NA
EMOBON_PiEPlentzia_Wa_24,NA,NA,NA,NA,NA,NA,NA,NA,NA,NA,NA,NA,NA,NA,NA,NA,NA,NA,NA,NA,NA,NA,NA,NA,NA,NA,NA,NA,NA,NA,NA,NA,NA,NA,NA,NA,NA,NA,NA,NA,NA,NA,NA,NA,NA,NA,NA,NA,NA,NA,NA,NA,NA,NA,NA,NA,NA,NA,NA,NA,NA,NA,NA,NA,NA,NA,NA,NA,NA,NA,NA
EMOBON_PiEPlentzia_Wa_25,0.122,HPLC (Alliance HPLC System) following the method described by Zapata et al. 2000,14.63,EXO2 multiparameter sonde,14.63,EXO2 multiparameter sonde,34.3,EXO2 multiparameter sonde,34.3,EXO2 multiparameter sonde,,,,,,,,,,41.83,EXO2 multiparameter sonde,,,,,,,,,,,,,,,,,,,,,,,7.95,EXO2 multiparameter sonde,,,,,,,,,,,Chlorophylide a ; MgDvp ; C2 0.458; C1 ; Peridinin ; 19'Buthane ; Fucoxanthin 0.116; Neoxanthin ; Prasinoxanthin ; Violaxanthin ; HFU ; Diadinoxanthin 0.213; Aloxanthin 0.353; Diatoxanthin ; Monadoxanthin ; Zeaxanthin ; Luthein ; Clorophyll b 0.122; Clorophyll a 1.387; non polar C2(14-14) ; Pheophytin a ; Alpha-carothene ; B-carothene,HPLC (Alliance HPLC System) following the method described by Zapata et al. 2000,,,,,,,,,,,,,,
EMOBON_PiEPlentzia_Wa_26,0.122,HPLC (Alliance HPLC System) following the method described by Zapata et al. 2000,14.63,EXO2 multiparameter sonde,14.63,EXO2 multiparameter sonde,34.3,EXO2 multiparameter sonde,34.3,EXO2 multiparameter sonde,,,,,,,,,,41.83,EXO2 multiparameter sonde,,,,,,,,,,,,,,,,,,,,,,,7.95,EXO2 multiparameter sonde,,,,,,,,,,,Chlorophylide a ; MgDvp ; C2 0.458; C1 ; Peridinin ; 19'Buthane ; Fucoxanthin 0.116; Neoxanthin ; Prasinoxanthin ; Violaxanthin ; HFU ; Diadinoxanthin 0.213; Aloxanthin 0.353; Diatoxanthin ; Monadoxanthin ; Zeaxanthin ; Luthein ; Clorophyll b 0.122; Clorophyll a 1.387; non polar C2(14-14) ; Pheophytin a ; Alpha-carothene ; B-carothene,HPLC (Alliance HPLC System) following the method described by Zapata et al. 2000,,,,,,,,,,,,,,
EMOBON_PiEPlentzia_Wa_27,0.122,HPLC (Alliance HPLC System) following the method described by Zapata et al. 2000,14.63,EXO2 multiparameter sonde,14.63,EXO2 multiparameter sonde,34.3,EXO2 multiparameter sonde,34.3,EXO2 multiparameter sonde,,,,,,,,,,41.83,EXO2 multiparameter sonde,,,,,,,,,,,,,,,,,,,,,,,7.95,EXO2 multiparameter sonde,,,,,,,,,,,Chlorophylide a ; MgDvp ; C2 0.458; C1 ; Peridinin ; 19'Buthane ; Fucoxanthin 0.116; Neoxanthin ; Prasinoxanthin ; Violaxanthin ; HFU ; Diadinoxanthin 0.213; Aloxanthin 0.353; Diatoxanthin ; Monadoxanthin ; Zeaxanthin ; Luthein ; Clorophyll b 0.122; Clorophyll a 1.387; non polar C2(14-14) ; Pheophytin a ; Alpha-carothene ; B-carothene,HPLC (Alliance HPLC System) following the method described by Zapata et al. 2000,,,,,,,,,,,,,,
EMOBON_PiEPlentzia_Wa_28,0.122,HPLC (Alliance HPLC System) following the method described by Zapata et al. 2000,14.63,EXO2 multiparameter sonde,14.63,EXO2 multiparameter sonde,34.3,EXO2 multiparameter sonde,34.3,EXO2 multiparameter sonde,,,,,,,,,,41.83,EXO2 multiparameter sonde,,,,,,,,,,,,,,,,,,,,,,,7.95,EXO2 multiparameter sonde,,,,,,,,,,,Chlorophylide a ; MgDvp ; C2 0.458; C1 ; Peridinin ; 19'Buthane ; Fucoxanthin 0.116; Neoxanthin ; Prasinoxanthin ; Violaxanthin ; HFU ; Diadinoxanthin 0.213; Aloxanthin 0.353; Diatoxanthin ; Monadoxanthin ; Zeaxanthin ; Luthein ; Clorophyll b 0.122; Clorophyll a 1.387; non polar C2(14-14) ; Pheophytin a ; Alpha-carothene ; B-carothene,HPLC (Alliance HPLC System) following the method described by Zapata et al. 2000,,,,,,,,,,,,,,
EMOBON_PiEPlentzia_Wa_29,NA,NA,NA,NA,NA,NA,NA,NA,NA,NA,NA,NA,NA,NA,NA,NA,NA,NA,NA,NA,NA,NA,NA,NA,NA,NA,NA,NA,NA,NA,NA,NA,NA,NA,NA,NA,NA,NA,NA,NA,NA,NA,NA,NA,NA,NA,NA,NA,NA,NA,NA,NA,NA,NA,NA,NA,NA,NA,NA,NA,NA,NA,NA,NA,NA,NA,NA,NA,NA,NA,NA
EMOBON_PiEPlentzia_Wa_30,NA,NA,NA,NA,NA,NA,NA,NA,NA,NA,NA,NA,NA,NA,NA,NA,NA,NA,NA,NA,NA,NA,NA,NA,NA,NA,NA,NA,NA,NA,NA,NA,NA,NA,NA,NA,NA,NA,NA,NA,NA,NA,NA,NA,NA,NA,NA,NA,NA,NA,NA,NA,NA,NA,NA,NA,NA,NA,NA,NA,NA,NA,NA,NA,NA,NA,NA,NA,NA,NA,NA
EMOBON_PiEPlentzia_Wa_31,0.122,HPLC (Alliance HPLC System) following the method described by Zapata et al. 2000,14.63,EXO2 multiparameter sonde,14.63,EXO2 multiparameter sonde,34.3,EXO2 multiparameter sonde,34.3,EXO2 multiparameter sonde,,,,,,,,,,41.83,EXO2 multiparameter sonde,,,,,,,,,,,,,,,,,,,,,,,7.95,EXO2 multiparameter sonde,,,,,,,,,,,Chlorophylide a ; MgDvp ; C2 0.458; C1 ; Peridinin ; 19'Buthane ; Fucoxanthin 0.116; Neoxanthin ; Prasinoxanthin ; Violaxanthin ; HFU ; Diadinoxanthin 0.213; Aloxanthin 0.353; Diatoxanthin ; Monadoxanthin ; Zeaxanthin ; Luthein ; Clorophyll b 0.122; Clorophyll a 1.387; non polar C2(14-14) ; Pheophytin a ; Alpha-carothene ; B-carothene,HPLC (Alliance HPLC System) following the method described by Zapata et al. 2000,,,,,,,,,,,,,,
EMOBON_PiEPlentzia_Wa_32,0.122,HPLC (Alliance HPLC System) following the method described by Zapata et al. 2000,14.63,EXO2 multiparameter sonde,14.63,EXO2 multiparameter sonde,34.3,EXO2 multiparameter sonde,34.3,EXO2 multiparameter sonde,,,,,,,,,,41.83,EXO2 multiparameter sonde,,,,,,,,,,,,,,,,,,,,,,,7.95,EXO2 multiparameter sonde,,,,,,,,,,,Chlorophylide a ; MgDvp ; C2 0.458; C1 ; Peridinin ; 19'Buthane ; Fucoxanthin 0.116; Neoxanthin ; Prasinoxanthin ; Violaxanthin ; HFU ; Diadinoxanthin 0.213; Aloxanthin 0.353; Diatoxanthin ; Monadoxanthin ; Zeaxanthin ; Luthein ; Clorophyll b 0.122; Clorophyll a 1.387; non polar C2(14-14) ; Pheophytin a ; Alpha-carothene ; B-carothene,HPLC (Alliance HPLC System) following the method described by Zapata et al. 2000,,,,,,,,,,,,,,
EMOBON_PiEPlentzia_Wa_33,0.122,HPLC (Alliance HPLC System) following the method described by Zapata et al. 2000,14.63,EXO2 multiparameter sonde,14.63,EXO2 multiparameter sonde,34.3,EXO2 multiparameter sonde,34.3,EXO2 multiparameter sonde,,,,,,,,,,41.83,EXO2 multiparameter sonde,,,,,,,,,,,,,,,,,,,,,,,7.95,EXO2 multiparameter sonde,,,,,,,,,,,Chlorophylide a ; MgDvp ; C2 0.458; C1 ; Peridinin ; 19'Buthane ; Fucoxanthin 0.116; Neoxanthin ; Prasinoxanthin ; Violaxanthin ; HFU ; Diadinoxanthin 0.213; Aloxanthin 0.353; Diatoxanthin ; Monadoxanthin ; Zeaxanthin ; Luthein ; Clorophyll b 0.122; Clorophyll a 1.387; non polar C2(14-14) ; Pheophytin a ; Alpha-carothene ; B-carothene,HPLC (Alliance HPLC System) following the method described by Zapata et al. 2000,,,,,,,,,,,,,,
EMOBON_PiEPlentzia_Wa_34,0.122,HPLC (Alliance HPLC System) following the method described by Zapata et al. 2000,14.63,EXO2 multiparameter sonde,14.63,EXO2 multiparameter sonde,34.3,EXO2 multiparameter sonde,34.3,EXO2 multiparameter sonde,,,,,,,,,,41.83,EXO2 multiparameter sonde,,,,,,,,,,,,,,,,,,,,,,,7.95,EXO2 multiparameter sonde,,,,,,,,,,,Chlorophylide a ; MgDvp ; C2 0.458; C1 ; Peridinin ; 19'Buthane ; Fucoxanthin 0.116; Neoxanthin ; Prasinoxanthin ; Violaxanthin ; HFU ; Diadinoxanthin 0.213; Aloxanthin 0.353; Diatoxanthin ; Monadoxanthin ; Zeaxanthin ; Luthein ; Clorophyll b 0.122; Clorophyll a 1.387; non polar C2(14-14) ; Pheophytin a ; Alpha-carothene ; B-carothene,HPLC (Alliance HPLC System) following the method described by Zapata et al. 2000,,,,,,,,,,,,,,
EMOBON_PiEPlentzia_Wa_35,NA,NA,NA,NA,NA,NA,NA,NA,NA,NA,NA,NA,NA,NA,NA,NA,NA,NA,NA,NA,NA,NA,NA,NA,NA,NA,NA,NA,NA,NA,NA,NA,NA,NA,NA,NA,NA,NA,NA,NA,NA,NA,NA,NA,NA,NA,NA,NA,NA,NA,NA,NA,NA,NA,NA,NA,NA,NA,NA,NA,NA,NA,NA,NA,NA,NA,NA,NA,NA,NA,NA
EMOBON_PiEPlentzia_Wa_36,NA,NA,NA,NA,NA,NA,NA,NA,NA,NA,NA,NA,NA,NA,NA,NA,NA,NA,NA,NA,NA,NA,NA,NA,NA,NA,NA,NA,NA,NA,NA,NA,NA,NA,NA,NA,NA,NA,NA,NA,NA,NA,NA,NA,NA,NA,NA,NA,NA,NA,NA,NA,NA,NA,NA,NA,NA,NA,NA,NA,NA,NA,NA,NA,NA,NA,NA,NA,NA,NA,NA
EMOBON_PiEPlentzia_Wa_37,0.938,HPLC (Alliance HPLC System) following the method described by Zapata et al. 2000,18.7,YSI ProDSS,18.7,YSI ProDSS,35.34,YSI ProDSS,35.34,YSI ProDSS,,,,,,,,,,,,,,,,,,,,,,,,,,,,,,,,,,8.02,YSI ProDSS,,,,,,,,,,,Chlorophylide a ; MgDvp ; C2 0.189; C1 ; Peridinin ; 19'Buthane ; Fucoxanthin 0.459; Neoxanthin ; Prasinoxanthin ; Violaxanthin ; HFU 0.272; Diadinoxanthin 0.134; Aloxanthin 0.347; Diatoxanthin ; Monadoxanthin ; Zeaxanthin ; Luthein ; Clorophyll b 0.938; Clorophyll a 0.356; non polar C2(14-14) ; Pheophytin a ; Alpha-carothene ; B-carothene,HPLC (Alliance HPLC System) following the method described by Zapata et al. 2000,,,,,,,,,,,,,,
EMOBON_PiEPlentzia_Wa_38,0.938,HPLC (Alliance HPLC System) following the method described by Zapata et al. 2000,18.7,YSI ProDSS,18.7,YSI ProDSS,35.34,YSI ProDSS,35.34,YSI ProDSS,,,,,,,,,,,,,,,,,,,,,,,,,,,,,,,,,,8.02,YSI ProDSS,,,,,,,,,,,Chlorophylide a ; MgDvp ; C2 0.189; C1 ; Peridinin ; 19'Buthane ; Fucoxanthin 0.459; Neoxanthin ; Prasinoxanthin ; Violaxanthin ; HFU 0.272; Diadinoxanthin 0.134; Aloxanthin 0.347; Diatoxanthin ; Monadoxanthin ; Zeaxanthin ; Luthein ; Clorophyll b 0.938; Clorophyll a 0.356; non polar C2(14-14) ; Pheophytin a ; Alpha-carothene ; B-carothene,HPLC (Alliance HPLC System) following the method described by Zapata et al. 2000,,,,,,,,,,,,,,
EMOBON_PiEPlentzia_Wa_39,0.938,HPLC (Alliance HPLC System) following the method described by Zapata et al. 2000,18.7,YSI ProDSS,18.7,YSI ProDSS,35.34,YSI ProDSS,35.34,YSI ProDSS,,,,,,,,,,,,,,,,,,,,,,,,,,,,,,,,,,8.02,YSI ProDSS,,,,,,,,,,,Chlorophylide a ; MgDvp ; C2 0.189; C1 ; Peridinin ; 19'Buthane ; Fucoxanthin 0.459; Neoxanthin ; Prasinoxanthin ; Violaxanthin ; HFU 0.272; Diadinoxanthin 0.134; Aloxanthin 0.347; Diatoxanthin ; Monadoxanthin ; Zeaxanthin ; Luthein ; Clorophyll b 0.938; Clorophyll a 0.356; non polar C2(14-14) ; Pheophytin a ; Alpha-carothene ; B-carothene,HPLC (Alliance HPLC System) following the method described by Zapata et al. 2000,,,,,,,,,,,,,,
EMOBON_PiEPlentzia_Wa_40,0.938,HPLC (Alliance HPLC System) following the method described by Zapata et al. 2000,18.7,YSI ProDSS,18.7,YSI ProDSS,35.34,YSI ProDSS,35.34,YSI ProDSS,,,,,,,,,,,,,,,,,,,,,,,,,,,,,,,,,,8.02,YSI ProDSS,,,,,,,,,,,Chlorophylide a ; MgDvp ; C2 0.189; C1 ; Peridinin ; 19'Buthane ; Fucoxanthin 0.459; Neoxanthin ; Prasinoxanthin ; Violaxanthin ; HFU 0.272; Diadinoxanthin 0.134; Aloxanthin 0.347; Diatoxanthin ; Monadoxanthin ; Zeaxanthin ; Luthein ; Clorophyll b 0.938; Clorophyll a 0.356; non polar C2(14-14) ; Pheophytin a ; Alpha-carothene ; B-carothene,HPLC (Alliance HPLC System) following the method described by Zapata et al. 2000,,,,,,,,,,,,,,
EMOBON_PiEPlentzia_Wa_41,NA,NA,NA,NA,NA,NA,NA,NA,NA,NA,NA,NA,NA,NA,NA,NA,NA,NA,NA,NA,NA,NA,NA,NA,NA,NA,NA,NA,NA,NA,NA,NA,NA,NA,NA,NA,NA,NA,NA,NA,NA,NA,NA,NA,NA,NA,NA,NA,NA,NA,NA,NA,NA,NA,NA,NA,NA,NA,NA,NA,NA,NA,NA,NA,NA,NA,NA,NA,NA,NA,NA
EMOBON_PiEPlentzia_Wa_42,NA,NA,NA,NA,NA,NA,NA,NA,NA,NA,NA,NA,NA,NA,NA,NA,NA,NA,NA,NA,NA,NA,NA,NA,NA,NA,NA,NA,NA,NA,NA,NA,NA,NA,NA,NA,NA,NA,NA,NA,NA,NA,NA,NA,NA,NA,NA,NA,NA,NA,NA,NA,NA,NA,NA,NA,NA,NA,NA,NA,NA,NA,NA,NA,NA,NA,NA,NA,NA,NA,NA
EMOBON_PiEPlentzia_Wa_43,0.938,HPLC (Alliance HPLC System) following the method described by Zapata et al. 2000,18.7,YSI ProDSS,18.7,YSI ProDSS,35.34,YSI ProDSS,35.34,YSI ProDSS,,,,,,,,,,,,,,,,,,,,,,,,,,,,,,,,,,8.02,YSI ProDSS,,,,,,,,,,,Chlorophylide a ; MgDvp ; C2 0.189; C1 ; Peridinin ; 19'Buthane ; Fucoxanthin 0.459; Neoxanthin ; Prasinoxanthin ; Violaxanthin ; HFU 0.272; Diadinoxanthin 0.134; Aloxanthin 0.347; Diatoxanthin ; Monadoxanthin ; Zeaxanthin ; Luthein ; Clorophyll b 0.938; Clorophyll a 0.356; non polar C2(14-14) ; Pheophytin a ; Alpha-carothene ; B-carothene,HPLC (Alliance HPLC System) following the method described by Zapata et al. 2000,,,,,,,,,,,,,,
EMOBON_PiEPlentzia_Wa_44,0.938,HPLC (Alliance HPLC System) following the method described by Zapata et al. 2000,18.7,YSI ProDSS,18.7,YSI ProDSS,35.34,YSI ProDSS,35.34,YSI ProDSS,,,,,,,,,,,,,,,,,,,,,,,,,,,,,,,,,,8.02,YSI ProDSS,,,,,,,,,,,Chlorophylide a ; MgDvp ; C2 0.189; C1 ; Peridinin ; 19'Buthane ; Fucoxanthin 0.459; Neoxanthin ; Prasinoxanthin ; Violaxanthin ; HFU 0.272; Diadinoxanthin 0.134; Aloxanthin 0.347; Diatoxanthin ; Monadoxanthin ; Zeaxanthin ; Luthein ; Clorophyll b 0.938; Clorophyll a 0.356; non polar C2(14-14) ; Pheophytin a ; Alpha-carothene ; B-carothene,HPLC (Alliance HPLC System) following the method described by Zapata et al. 2000,,,,,,,,,,,,,,
EMOBON_PiEPlentzia_Wa_45,0.938,HPLC (Alliance HPLC System) following the method described by Zapata et al. 2000,18.7,YSI ProDSS,18.7,YSI ProDSS,35.34,YSI ProDSS,35.34,YSI ProDSS,,,,,,,,,,,,,,,,,,,,,,,,,,,,,,,,,,8.02,YSI ProDSS,,,,,,,,,,,Chlorophylide a ; MgDvp ; C2 0.189; C1 ; Peridinin ; 19'Buthane ; Fucoxanthin 0.459; Neoxanthin ; Prasinoxanthin ; Violaxanthin ; HFU 0.272; Diadinoxanthin 0.134; Aloxanthin 0.347; Diatoxanthin ; Monadoxanthin ; Zeaxanthin ; Luthein ; Clorophyll b 0.938; Clorophyll a 0.356; non polar C2(14-14) ; Pheophytin a ; Alpha-carothene ; B-carothene,HPLC (Alliance HPLC System) following the method described by Zapata et al. 2000,,,,,,,,,,,,,,
EMOBON_PiEPlentzia_Wa_46,0.938,HPLC (Alliance HPLC System) following the method described by Zapata et al. 2000,18.7,YSI ProDSS,18.7,YSI ProDSS,35.34,YSI ProDSS,35.34,YSI ProDSS,,,,,,,,,,,,,,,,,,,,,,,,,,,,,,,,,,8.02,YSI ProDSS,,,,,,,,,,,Chlorophylide a ; MgDvp ; C2 0.189; C1 ; Peridinin ; 19'Buthane ; Fucoxanthin 0.459; Neoxanthin ; Prasinoxanthin ; Violaxanthin ; HFU 0.272; Diadinoxanthin 0.134; Aloxanthin 0.347; Diatoxanthin ; Monadoxanthin ; Zeaxanthin ; Luthein ; Clorophyll b 0.938; Clorophyll a 0.356; non polar C2(14-14) ; Pheophytin a ; Alpha-carothene ; B-carothene,HPLC (Alliance HPLC System) following the method described by Zapata et al. 2000,,,,,,,,,,,,,,
EMOBON_PiEPlentzia_Wa_47,NA,NA,NA,NA,NA,NA,NA,NA,NA,NA,NA,NA,NA,NA,NA,NA,NA,NA,NA,NA,NA,NA,NA,NA,NA,NA,NA,NA,NA,NA,NA,NA,NA,NA,NA,NA,NA,NA,NA,NA,NA,NA,NA,NA,NA,NA,NA,NA,NA,NA,NA,NA,NA,NA,NA,NA,NA,NA,NA,NA,NA,NA,NA,NA,NA,NA,NA,NA,NA,NA,NA
EMOBON_PiEPlentzia_Wa_48,NA,NA,NA,NA,NA,NA,NA,NA,NA,NA,NA,NA,NA,NA,NA,NA,NA,NA,NA,NA,NA,NA,NA,NA,NA,NA,NA,NA,NA,NA,NA,NA,NA,NA,NA,NA,NA,NA,NA,NA,NA,NA,NA,NA,NA,NA,NA,NA,NA,NA,NA,NA,NA,NA,NA,NA,NA,NA,NA,NA,NA,NA,NA,NA,NA,NA,NA,NA,NA,NA,NA
EMOBON_PiEPlentzia_Wa_49,0.118,HPLC (Alliance HPLC System) following the method described by Zapata et al. 2000,14,YSI ProDSS,14,YSI ProDSS,33.42,YSI ProDSS,33.43,YSI ProDSS,,,,,,,,,,,,,,,,,,,,,,,,,,,,,,,,,,7.01,YSI ProDSS,,,,,,,,,,,Chlorophylide a ; MgDvp ; C2 ; C1 ; Peridinin ; 19'Buthane ; Fucoxanthin ; Neoxanthin ; Prasinoxanthin ; Violaxanthin ; HFU ; Diadinoxanthin ; Aloxanthin ; Diatoxanthin ; Monadoxanthin ; Zeaxanthin ; Luthein ; Clorophyll b 0.118; Clorophyll a 0.293; non polar C2(14-14) ; Pheophytin a ; Alpha-carothene ; B-carothene,HPLC (Alliance HPLC System) following the method described by Zapata et al. 2000,,,,,,,,,,,,,,
EMOBON_PiEPlentzia_Wa_50,0.118,HPLC (Alliance HPLC System) following the method described by Zapata et al. 2000,14,YSI ProDSS,14,YSI ProDSS,33.42,YSI ProDSS,33.43,YSI ProDSS,,,,,,,,,,,,,,,,,,,,,,,,,,,,,,,,,,7.01,YSI ProDSS,,,,,,,,,,,Chlorophylide a ; MgDvp ; C2 ; C1 ; Peridinin ; 19'Buthane ; Fucoxanthin ; Neoxanthin ; Prasinoxanthin ; Violaxanthin ; HFU ; Diadinoxanthin ; Aloxanthin ; Diatoxanthin ; Monadoxanthin ; Zeaxanthin ; Luthein ; Clorophyll b 0.118; Clorophyll a 0.293; non polar C2(14-14) ; Pheophytin a ; Alpha-carothene ; B-carothene,HPLC (Alliance HPLC System) following the method described by Zapata et al. 2000,,,,,,,,,,,,,,
EMOBON_PiEPlentzia_Wa_51,0.118,HPLC (Alliance HPLC System) following the method described by Zapata et al. 2000,14,YSI ProDSS,14,YSI ProDSS,33.42,YSI ProDSS,33.43,YSI ProDSS,,,,,,,,,,,,,,,,,,,,,,,,,,,,,,,,,,7.01,YSI ProDSS,,,,,,,,,,,Chlorophylide a ; MgDvp ; C2 ; C1 ; Peridinin ; 19'Buthane ; Fucoxanthin ; Neoxanthin ; Prasinoxanthin ; Violaxanthin ; HFU ; Diadinoxanthin ; Aloxanthin ; Diatoxanthin ; Monadoxanthin ; Zeaxanthin ; Luthein ; Clorophyll b 0.118; Clorophyll a 0.293; non polar C2(14-14) ; Pheophytin a ; Alpha-carothene ; B-carothene,HPLC (Alliance HPLC System) following the method described by Zapata et al. 2000,,,,,,,,,,,,,,
EMOBON_PiEPlentzia_Wa_52,0.118,HPLC (Alliance HPLC System) following the method described by Zapata et al. 2000,14,YSI ProDSS,14,YSI ProDSS,33.42,YSI ProDSS,33.43,YSI ProDSS,,,,,,,,,,,,,,,,,,,,,,,,,,,,,,,,,,7.01,YSI ProDSS,,,,,,,,,,,Chlorophylide a ; MgDvp ; C2 ; C1 ; Peridinin ; 19'Buthane ; Fucoxanthin ; Neoxanthin ; Prasinoxanthin ; Violaxanthin ; HFU ; Diadinoxanthin ; Aloxanthin ; Diatoxanthin ; Monadoxanthin ; Zeaxanthin ; Luthein ; Clorophyll b 0.118; Clorophyll a 0.293; non polar C2(14-14) ; Pheophytin a ; Alpha-carothene ; B-carothene,HPLC (Alliance HPLC System) following the method described by Zapata et al. 2000,,,,,,,,,,,,,,
EMOBON_PiEPlentzia_Wa_53,NA,NA,NA,NA,NA,NA,NA,NA,NA,NA,NA,NA,NA,NA,NA,NA,NA,NA,NA,NA,NA,NA,NA,NA,NA,NA,NA,NA,NA,NA,NA,NA,NA,NA,NA,NA,NA,NA,NA,NA,NA,NA,NA,NA,NA,NA,NA,NA,NA,NA,NA,NA,NA,NA,NA,NA,NA,NA,NA,NA,NA,NA,NA,NA,NA,NA,NA,NA,NA,NA,NA
EMOBON_PiEPlentzia_Wa_54,NA,NA,NA,NA,NA,NA,NA,NA,NA,NA,NA,NA,NA,NA,NA,NA,NA,NA,NA,NA,NA,NA,NA,NA,NA,NA,NA,NA,NA,NA,NA,NA,NA,NA,NA,NA,NA,NA,NA,NA,NA,NA,NA,NA,NA,NA,NA,NA,NA,NA,NA,NA,NA,NA,NA,NA,NA,NA,NA,NA,NA,NA,NA,NA,NA,NA,NA,NA,NA,NA,NA
EMOBON_PiEPlentzia_Wa_55,0.118,HPLC (Alliance HPLC System) following the method described by Zapata et al. 2000,14,YSI ProDSS,14,YSI ProDSS,33.42,YSI ProDSS,33.43,YSI ProDSS,,,,,,,,,,,,,,,,,,,,,,,,,,,,,,,,,,7.01,YSI ProDSS,,,,,,,,,,,Chlorophylide a ; MgDvp ; C2 ; C1 ; Peridinin ; 19'Buthane ; Fucoxanthin ; Neoxanthin ; Prasinoxanthin ; Violaxanthin ; HFU ; Diadinoxanthin ; Aloxanthin ; Diatoxanthin ; Monadoxanthin ; Zeaxanthin ; Luthein ; Clorophyll b 0.118; Clorophyll a 0.293; non polar C2(14-14) ; Pheophytin a ; Alpha-carothene ; B-carothene,HPLC (Alliance HPLC System) following the method described by Zapata et al. 2000,,,,,,,,,,,,,,
EMOBON_PiEPlentzia_Wa_56,0.118,HPLC (Alliance HPLC System) following the method described by Zapata et al. 2000,14,YSI ProDSS,14,YSI ProDSS,33.42,YSI ProDSS,33.43,YSI ProDSS,,,,,,,,,,,,,,,,,,,,,,,,,,,,,,,,,,7.01,YSI ProDSS,,,,,,,,,,,Chlorophylide a ; MgDvp ; C2 ; C1 ; Peridinin ; 19'Buthane ; Fucoxanthin ; Neoxanthin ; Prasinoxanthin ; Violaxanthin ; HFU ; Diadinoxanthin ; Aloxanthin ; Diatoxanthin ; Monadoxanthin ; Zeaxanthin ; Luthein ; Clorophyll b 0.118; Clorophyll a 0.293; non polar C2(14-14) ; Pheophytin a ; Alpha-carothene ; B-carothene,HPLC (Alliance HPLC System) following the method described by Zapata et al. 2000,,,,,,,,,,,,,,
EMOBON_PiEPlentzia_Wa_57,0.118,HPLC (Alliance HPLC System) following the method described by Zapata et al. 2000,14,YSI ProDSS,14,YSI ProDSS,33.42,YSI ProDSS,33.43,YSI ProDSS,,,,,,,,,,,,,,,,,,,,,,,,,,,,,,,,,,7.01,YSI ProDSS,,,,,,,,,,,Chlorophylide a ; MgDvp ; C2 ; C1 ; Peridinin ; 19'Buthane ; Fucoxanthin ; Neoxanthin ; Prasinoxanthin ; Violaxanthin ; HFU ; Diadinoxanthin ; Aloxanthin ; Diatoxanthin ; Monadoxanthin ; Zeaxanthin ; Luthein ; Clorophyll b 0.118; Clorophyll a 0.293; non polar C2(14-14) ; Pheophytin a ; Alpha-carothene ; B-carothene,HPLC (Alliance HPLC System) following the method described by Zapata et al. 2000,,,,,,,,,,,,,,
EMOBON_PiEPlentzia_Wa_58,0.118,HPLC (Alliance HPLC System) following the method described by Zapata et al. 2000,14,YSI ProDSS,14,YSI ProDSS,33.42,YSI ProDSS,33.43,YSI ProDSS,,,,,,,,,,,,,,,,,,,,,,,,,,,,,,,,,,7.01,YSI ProDSS,,,,,,,,,,,Chlorophylide a ; MgDvp ; C2 ; C1 ; Peridinin ; 19'Buthane ; Fucoxanthin ; Neoxanthin ; Prasinoxanthin ; Violaxanthin ; HFU ; Diadinoxanthin ; Aloxanthin ; Diatoxanthin ; Monadoxanthin ; Zeaxanthin ; Luthein ; Clorophyll b 0.118; Clorophyll a 0.293; non polar C2(14-14) ; Pheophytin a ; Alpha-carothene ; B-carothene,HPLC (Alliance HPLC System) following the method described by Zapata et al. 2000,,,,,,,,,,,,,,
EMOBON_PiEPlentzia_Wa_59,NA,NA,NA,NA,NA,NA,NA,NA,NA,NA,NA,NA,NA,NA,NA,NA,NA,NA,NA,NA,NA,NA,NA,NA,NA,NA,NA,NA,NA,NA,NA,NA,NA,NA,NA,NA,NA,NA,NA,NA,NA,NA,NA,NA,NA,NA,NA,NA,NA,NA,NA,NA,NA,NA,NA,NA,NA,NA,NA,NA,NA,NA,NA,NA,NA,NA,NA,NA,NA,NA,NA
EMOBON_PiEPlentzia_Wa_60,NA,NA,NA,NA,NA,NA,NA,NA,NA,NA,NA,NA,NA,NA,NA,NA,NA,NA,NA,NA,NA,NA,NA,NA,NA,NA,NA,NA,NA,NA,NA,NA,NA,NA,NA,NA,NA,NA,NA,NA,NA,NA,NA,NA,NA,NA,NA,NA,NA,NA,NA,NA,NA,NA,NA,NA,NA,NA,NA,NA,NA,NA,NA,NA,NA,NA,NA,NA,NA,NA,NA
EMOBON_PiEPlentzia_Wa_61,,HPLC (Alliance HPLC System) following the method described by Zapata et al. 2000,12.6,YSI ProDSS,12.6,YSI ProDSS,33.67,YSI ProDSS,33.67,YSI ProDSS,,,,,,,,,,,,,,,,,,,,,,,,,,,,,,,,,,8.22,YSI ProDSS,,,,,,,,,,,,,,,,,,,,,,,,,,
EMOBON_PiEPlentzia_Wa_62,,HPLC (Alliance HPLC System) following the method described by Zapata et al. 2000,12.6,YSI ProDSS,12.6,YSI ProDSS,33.67,YSI ProDSS,33.67,YSI ProDSS,,,,,,,,,,,,,,,,,,,,,,,,,,,,,,,,,,8.22,YSI ProDSS,,,,,,,,,,,,,,,,,,,,,,,,,,
EMOBON_PiEPlentzia_Wa_63,,HPLC (Alliance HPLC System) following the method described by Zapata et al. 2000,12.6,YSI ProDSS,12.6,YSI ProDSS,33.67,YSI ProDSS,33.67,YSI ProDSS,,,,,,,,,,,,,,,,,,,,,,,,,,,,,,,,,,8.22,YSI ProDSS,,,,,,,,,,,,,,,,,,,,,,,,,,
EMOBON_PiEPlentzia_Wa_64,,HPLC (Alliance HPLC System) following the method described by Zapata et al. 2000,12.6,YSI ProDSS,12.6,YSI ProDSS,33.67,YSI ProDSS,33.67,YSI ProDSS,,,,,,,,,,,,,,,,,,,,,,,,,,,,,,,,,,8.22,YSI ProDSS,,,,,,,,,,,,,,,,,,,,,,,,,,
EMOBON_PiEPlentzia_Wa_65,NA,NA,NA,NA,NA,NA,NA,NA,NA,NA,NA,NA,NA,NA,NA,NA,NA,NA,NA,NA,NA,NA,NA,NA,NA,NA,NA,NA,NA,NA,NA,NA,NA,NA,NA,NA,NA,NA,NA,NA,NA,NA,NA,NA,NA,NA,NA,NA,NA,NA,NA,NA,NA,NA,NA,NA,NA,NA,NA,NA,NA,NA,NA,NA,NA,NA,NA,NA,NA,NA,NA
EMOBON_PiEPlentzia_Wa_66,NA,NA,NA,NA,NA,NA,NA,NA,NA,NA,NA,NA,NA,NA,NA,NA,NA,NA,NA,NA,NA,NA,NA,NA,NA,NA,NA,NA,NA,NA,NA,NA,NA,NA,NA,NA,NA,NA,NA,NA,NA,NA,NA,NA,NA,NA,NA,NA,NA,NA,NA,NA,NA,NA,NA,NA,NA,NA,NA,NA,NA,NA,NA,NA,NA,NA,NA,NA,NA,NA,NA
EMOBON_PiEPlentzia_Wa_67,,HPLC (Alliance HPLC System) following the method described by Zapata et al. 2000,12.6,YSI ProDSS,12.6,YSI ProDSS,33.67,YSI ProDSS,33.67,YSI ProDSS,,,,,,,,,,,,,,,,,,,,,,,,,,,,,,,,,,8.22,YSI ProDSS,,,,,,,,,,,,,,,,,,,,,,,,,,
EMOBON_PiEPlentzia_Wa_68,,HPLC (Alliance HPLC System) following the method described by Zapata et al. 2000,12.6,YSI ProDSS,12.6,YSI ProDSS,33.67,YSI ProDSS,33.67,YSI ProDSS,,,,,,,,,,,,,,,,,,,,,,,,,,,,,,,,,,8.22,YSI ProDSS,,,,,,,,,,,,,,,,,,,,,,,,,,
EMOBON_PiEPlentzia_Wa_69,,HPLC (Alliance HPLC System) following the method described by Zapata et al. 2000,12.6,YSI ProDSS,12.6,YSI ProDSS,33.67,YSI ProDSS,33.67,YSI ProDSS,,,,,,,,,,,,,,,,,,,,,,,,,,,,,,,,,,8.22,YSI ProDSS,,,,,,,,,,,,,,,,,,,,,,,,,,
EMOBON_PiEPlentzia_Wa_70,,HPLC (Alliance HPLC System) following the method described by Zapata et al. 2000,12.6,YSI ProDSS,12.6,YSI ProDSS,33.67,YSI ProDSS,33.67,YSI ProDSS,,,,,,,,,,,,,,,,,,,,,,,,,,,,,,,,,,8.22,YSI ProDSS,,,,,,,,,,,,,,,,,,,,,,,,,,
EMOBON_PiEPlentzia_Wa_71,NA,NA,NA,NA,NA,NA,NA,NA,NA,NA,NA,NA,NA,NA,NA,NA,NA,NA,NA,NA,NA,NA,NA,NA,NA,NA,NA,NA,NA,NA,NA,NA,NA,NA,NA,NA,NA,NA,NA,NA,NA,NA,NA,NA,NA,NA,NA,NA,NA,NA,NA,NA,NA,NA,NA,NA,NA,NA,NA,NA,NA,NA,NA,NA,NA,NA,NA,NA,NA,NA,NA
EMOBON_PiEPlentzia_Wa_72,NA,NA,NA,NA,NA,NA,NA,NA,NA,NA,NA,NA,NA,NA,NA,NA,NA,NA,NA,NA,NA,NA,NA,NA,NA,NA,NA,NA,NA,NA,NA,NA,NA,NA,NA,NA,NA,NA,NA,NA,NA,NA,NA,NA,NA,NA,NA,NA,NA,NA,NA,NA,NA,NA,NA,NA,NA,NA,NA,NA,NA,NA,NA,NA,NA,NA,NA,NA,NA,NA,NA
